DATASET, #TRAINING_RELEASES, %TRAINING_INSTANCES, CLASSIFIER, BALANCING, PRECISION, RECALL, AUC, KAPPA, TP, FP, TN, FN
zookeeper,1,50.0,Random Forest,No Sampling,0.9615384615384616,1.0,0.8477777777777777,0.0,150.0,6.0,0.0,0.0
zookeeper,2,64.86486486486487,Random Forest,No Sampling,0.9702380952380952,0.9939024390243902,0.8969512195121951,-0.009960159362550014,163.0,5.0,0.0,1.0
zookeeper,3,74.0,Random Forest,No Sampling,0.8579881656804734,1.0,0.6073275862068965,0.0,145.0,24.0,0.0,0.0
zookeeper,4,77.19714964370546,Random Forest,No Sampling,0.9542857142857143,0.9766081871345029,0.880395433027012,0.6499544211485871,167.0,8.0,13.0,4.0
zookeeper,5,81.43133462282398,Random Forest,No Sampling,0.8324324324324325,1.0,0.8991797676008202,0.2659102121361615,154.0,31.0,7.0,0.0
zookeeper,6,84.33931484502448,Random Forest,No Sampling,0.9254658385093167,0.9738562091503268,0.9451985922574158,0.7212847033206313,149.0,12.0,27.0,4.0
zookeeper,7,87.8853046594982,Random Forest,No Sampling,0.900709219858156,0.9769230769230769,0.9083826429980276,0.6856330014224753,127.0,14.0,25.0,3.0
zookeeper,8,85.3211009174312,Random Forest,No Sampling,0.958974358974359,0.8738317757009346,0.8289000718907261,0.4285714285714285,187.0,8.0,18.0,27.0
zookeeper,9,87.2,Random Forest,No Sampling,0.9073170731707317,0.9253731343283582,0.7882382957009822,0.4570858283433133,186.0,19.0,20.0,15.0
zookeeper,10,88.65248226950355,Random Forest,No Sampling,0.8720379146919431,0.9735449735449735,0.8832866479925303,0.527151828592538,184.0,27.0,24.0,5.0
zookeeper,11,89.77079796264856,Random Forest,No Sampling,0.8357487922705314,0.9774011299435028,0.9185646186440678,0.52465483234714,173.0,34.0,30.0,4.0
zookeeper,12,89.6158235070369,Random Forest,No Sampling,0.8728813559322034,0.9279279279279279,0.8682211623388094,0.37985185185185194,206.0,30.0,21.0,16.0
zookeeper,13,91.602787456446,Random Forest,No Sampling,0.925,0.9296482412060302,0.9186408231634362,0.5779334500875656,185.0,15.0,27.0,14.0
zookeeper,14,91.31403118040089,Random Forest,No Sampling,0.9174311926605505,0.9174311926605505,0.8898665554628857,0.5901584653878232,200.0,18.0,37.0,18.0
zookeeper,15,92.00819672131148,Random Forest,No Sampling,0.9130434782608695,0.9905660377358491,0.946412001237241,0.7405167199516114,210.0,20.0,41.0,2.0
zookeeper,16,92.57452574525745,Random Forest,No Sampling,0.9279279279279279,0.9809523809523809,0.9764508928571428,0.7819165870741801,206.0,16.0,48.0,4.0
zookeeper,17,93.84537131230925,Random Forest,No Sampling,0.9073170731707317,0.9841269841269841,0.9654088050314465,0.701870310225109,186.0,19.0,34.0,3.0
zookeeper,18,94.20220412074748,Random Forest,No Sampling,0.9639175257731959,0.9894179894179894,0.9518818009384047,0.8874651234886846,187.0,7.0,46.0,2.0
zookeeper,19,93.75561545372867,Random Forest,No Sampling,0.9181818181818182,0.9619047619047619,0.9554271708683474,0.7336772291820193,202.0,18.0,50.0,8.0
zookeeper,20,94.12262156448203,Random Forest,No Sampling,0.8828828828828829,0.98,0.905448717948718,0.7075326132697434,196.0,26.0,52.0,4.0
zookeeper,21,94.41117764471058,Random Forest,No Sampling,0.8868778280542986,0.9849246231155779,0.9567591041627893,0.735510424397814,196.0,25.0,56.0,3.0
zookeeper,22,93.87296233839236,Random Forest,No Sampling,1.0,0.7760736196319018,0.9555214723926381,0.02075727119826051,253.0,0.0,1.0,73.0
zookeeper,23,93.82911392405063,Random Forest,No Sampling,1.0,0.9173789173789174,0.9554271725783456,0.0,322.0,0.0,0.0,29.0
zookeeper,1,50.0,Naive Bayes,No Sampling,0.9676375404530745,0.9966666666666667,0.7320833333333333,0.2552083333333339,299.0,10.0,2.0,1.0
zookeeper,2,64.86486486486487,Naive Bayes,No Sampling,0.9759036144578314,0.9878048780487805,0.8455792682926829,0.23298033282904776,324.0,8.0,2.0,4.0
zookeeper,3,74.0,Naive Bayes,No Sampling,0.8652694610778443,0.996551724137931,0.6623922413793103,0.09562587249883625,289.0,45.0,3.0,1.0
zookeeper,4,77.19714964370546,Naive Bayes,No Sampling,0.9552238805970149,0.935672514619883,0.8268240044555834,0.5391202802646947,320.0,15.0,27.0,22.0
zookeeper,5,81.43133462282398,Naive Bayes,No Sampling,0.8397790055248618,0.987012987012987,0.8718386876281613,0.3056462902473166,304.0,58.0,18.0,4.0
zookeeper,6,84.33931484502448,Naive Bayes,No Sampling,0.896969696969697,0.9673202614379085,0.8890983743924921,0.6002271436683702,296.0,34.0,44.0,10.0
zookeeper,7,87.8853046594982,Naive Bayes,No Sampling,0.875,0.9692307692307692,0.8689842209072979,0.5806451612903226,252.0,36.0,42.0,8.0
zookeeper,8,85.3211009174312,Naive Bayes,No Sampling,0.9620253164556962,0.8878504672897196,0.8237329259525521,0.4687280393534786,380.0,15.0,37.0,48.0
zookeeper,9,87.2,Naive Bayes,No Sampling,0.9023809523809524,0.9427860696517413,0.7719575200918485,0.45991561181434604,379.0,41.0,37.0,23.0
zookeeper,10,88.65248226950355,Naive Bayes,No Sampling,0.8568075117370892,0.9656084656084656,0.8342800082996161,0.4438181134911688,365.0,61.0,41.0,13.0
zookeeper,11,89.77079796264856,Naive Bayes,No Sampling,0.8229665071770335,0.9717514124293786,0.8710385769774012,0.46838235294117625,344.0,74.0,54.0,10.0
zookeeper,12,89.6158235070369,Naive Bayes,No Sampling,0.8784067085953878,0.9436936936936937,0.7525945062709769,0.42845251608021195,419.0,58.0,44.0,25.0
zookeeper,13,91.602787456446,Naive Bayes,No Sampling,0.9064748201438849,0.949748743718593,0.8885349365877004,0.5330224309501134,378.0,39.0,45.0,20.0
zookeeper,14,91.31403118040089,Naive Bayes,No Sampling,0.8951965065502183,0.9403669724770642,0.8591847372810676,0.544733402442872,410.0,48.0,62.0,26.0
zookeeper,15,92.00819672131148,Naive Bayes,No Sampling,0.8851063829787233,0.9811320754716981,0.8900015465511908,0.6220356393193693,416.0,54.0,68.0,8.0
zookeeper,16,92.57452574525745,Naive Bayes,No Sampling,0.8876889848812095,0.9785714285714285,0.9048456101190476,0.6479929236342195,411.0,52.0,76.0,9.0
zookeeper,17,93.84537131230925,Naive Bayes,No Sampling,0.8896882494004796,0.9814814814814815,0.919973544973545,0.63105511448625,371.0,46.0,60.0,7.0
zookeeper,18,94.20220412074748,Naive Bayes,No Sampling,0.9095354523227384,0.9841269841269841,0.903863432165319,0.7097511993752093,372.0,37.0,69.0,6.0
zookeeper,19,93.75561545372867,Naive Bayes,No Sampling,0.8820960698689956,0.9619047619047619,0.8978553921568627,0.6237723300595468,404.0,54.0,82.0,16.0
zookeeper,20,94.12262156448203,Naive Bayes,No Sampling,0.841991341991342,0.9725,0.8540464743589744,0.5741483696841493,389.0,73.0,83.0,11.0
zookeeper,21,94.41117764471058,Naive Bayes,No Sampling,0.8530066815144766,0.9623115577889447,0.8866322352503258,0.6120291491327106,383.0,66.0,96.0,15.0
zookeeper,22,93.87296233839236,Naive Bayes,No Sampling,0.9979959919839679,0.7638036809815951,0.7971625766871165,0.006741264771012894,498.0,1.0,1.0,154.0
zookeeper,23,93.82911392405063,Naive Bayes,No Sampling,1.0,0.8660968660968661,0.8678558921568632,0.0,608.0,0.0,0.0,94.0
zookeeper,1,50.0,IBk,No Sampling,0.967391304347826,0.9888888888888889,0.6582098765432098,0.21212121212121368,445.0,15.0,3.0,5.0
zookeeper,2,64.86486486486487,IBk,No Sampling,0.9740518962075848,0.991869918699187,0.7900406504065041,0.17655488678704576,488.0,13.0,2.0,4.0
zookeeper,3,74.0,IBk,No Sampling,0.8628230616302187,0.9977011494252873,0.6298371647509579,0.0649699652228896,434.0,69.0,3.0,1.0
zookeeper,4,77.19714964370546,IBk,No Sampling,0.9438877755511023,0.9181286549707602,0.7543086110337572,0.43161634103019536,471.0,28.0,35.0,42.0
zookeeper,5,81.43133462282398,IBk,No Sampling,0.833941605839416,0.9891774891774892,0.7853155616313511,0.26670910248249546,457.0,91.0,23.0,5.0
zookeeper,6,84.33931484502448,IBk,No Sampling,0.9061224489795918,0.9673202614379085,0.8821853527735881,0.6370397917441428,444.0,46.0,71.0,15.0
zookeeper,7,87.8853046594982,IBk,No Sampling,0.8819444444444444,0.9769230769230769,0.8506574621959238,0.6187683284457477,381.0,51.0,66.0,9.0
zookeeper,8,85.3211009174312,IBk,No Sampling,0.962457337883959,0.8785046728971962,0.8153906062784567,0.45345235926398275,564.0,22.0,56.0,78.0
zookeeper,9,87.2,IBk,No Sampling,0.8918495297805643,0.9436152570480929,0.7082819520630466,0.40237888018566853,569.0,69.0,48.0,34.0
zookeeper,10,88.65248226950355,IBk,No Sampling,0.8637083993660856,0.9611992945326279,0.8027515532962156,0.47104199828578425,545.0,86.0,67.0,22.0
zookeeper,11,89.77079796264856,IBk,No Sampling,0.8288,0.975517890772128,0.8275315834902699,0.4956928120531512,518.0,107.0,85.0,13.0
zookeeper,12,89.6158235070369,IBk,No Sampling,0.8840579710144928,0.9159159159159159,0.7280319535221496,0.4183117127279566,610.0,80.0,73.0,56.0
zookeeper,13,91.602787456446,IBk,No Sampling,0.9017713365539453,0.9380234505862647,0.8055023796229827,0.4907718844329453,560.0,61.0,65.0,37.0
zookeeper,14,91.31403118040089,IBk,No Sampling,0.8945022288261516,0.9204892966360856,0.8149847094801224,0.5122379907906395,602.0,71.0,94.0,52.0
zookeeper,15,92.00819672131148,IBk,No Sampling,0.8954154727793696,0.9827044025157232,0.8837852699591023,0.6639015095998829,625.0,73.0,110.0,11.0
zookeeper,16,92.57452574525745,IBk,No Sampling,0.8961988304093568,0.973015873015873,0.8877108134920635,0.6685909065918962,613.0,71.0,121.0,17.0
zookeeper,17,93.84537131230925,IBk,No Sampling,0.8856682769726248,0.9700176366843033,0.8442813883065455,0.5963455779218317,550.0,71.0,88.0,17.0
zookeeper,18,94.20220412074748,IBk,No Sampling,0.9205298013245033,0.9805996472663139,0.8977959690747951,0.7407299800254222,556.0,48.0,111.0,11.0
zookeeper,19,93.75561545372867,IBk,No Sampling,0.8827893175074184,0.9444444444444444,0.8475723622782446,0.6010172222781749,595.0,79.0,125.0,35.0
zookeeper,20,94.12262156448203,IBk,No Sampling,0.8496350364963504,0.97,0.8415562678062678,0.5958428451279587,582.0,103.0,131.0,18.0
zookeeper,21,94.41117764471058,IBk,No Sampling,0.8625377643504532,0.9564489112227805,0.8717662386004095,0.6320919994609407,571.0,91.0,152.0,26.0
zookeeper,22,93.87296233839236,IBk,No Sampling,0.9986206896551724,0.7402862985685071,0.8058963871847308,0.009455815445290183,724.0,1.0,2.0,254.0
zookeeper,23,93.82911392405063,IBk,No Sampling,1.0,0.855650522317189,0.8917662386004034,0.0,901.0,0.0,0.0,152.0
zookeeper,1,7.142857142857143,Random Forest,Undersampling,0.9673507462686567,0.9876190476190476,0.6454195011337869,0.20610687022900795,1037.0,35.0,7.0,13.0
zookeeper,2,12.435233160621761,Random Forest,Undersampling,0.9758812615955473,0.9163763066202091,0.7385639621702339,0.0881026094648387,1052.0,26.0,9.0,96.0
zookeeper,3,16.748768472906406,Random Forest,Undersampling,0.8706512042818911,0.961576354679803,0.5991995073891626,0.1336713656878587,976.0,145.0,23.0,39.0
zookeeper,4,29.927007299270073,Random Forest,Undersampling,0.9527856468366384,0.8429406850459482,0.7613392892662495,0.3561585932876826,1009.0,50.0,97.0,188.0
zookeeper,5,39.24050632911393,Random Forest,Undersampling,0.8513625103220479,0.9564007421150278,0.7465841086947425,0.3446015037593985,1031.0,180.0,86.0,47.0
zookeeper,6,51.02040816326531,Random Forest,Undersampling,0.9216809933142311,0.9010270774976658,0.8647681294740118,0.5816120731622507,965.0,82.0,191.0,106.0
zookeeper,7,62.1923937360179,Random Forest,Undersampling,0.8942826321467098,0.910989010989011,0.8322746850219378,0.564313798914061,829.0,98.0,175.0,81.0
zookeeper,8,59.73154362416108,Random Forest,Undersampling,0.9605157131345688,0.7957276368491322,0.8071696327704339,0.32494533007954857,1192.0,49.0,133.0,306.0
zookeeper,9,62.96296296296296,Random Forest,Undersampling,0.897815362931642,0.9054726368159204,0.7204011340471895,0.3810875493961151,1274.0,145.0,128.0,133.0
zookeeper,10,66.94214876033058,Random Forest,Undersampling,0.8758265980896399,0.9009826152683296,0.7875795820973892,0.44488134338714896,1192.0,169.0,188.0,131.0
zookeeper,11,70.92882991556091,Random Forest,Undersampling,0.8591117917304747,0.9055690072639225,0.8160418828548368,0.5196628283483753,1122.0,184.0,264.0,117.0
zookeeper,12,72.39635995955511,Random Forest,Undersampling,0.8927848954821308,0.851994851994852,0.7358123429552001,0.37768753406114286,1324.0,159.0,198.0,230.0
zookeeper,13,77.24268177525968,Random Forest,Undersampling,0.9092904169714704,0.8923187365398421,0.7970745369217321,0.4546880935471618,1243.0,124.0,170.0,150.0
zookeeper,14,76.76595744680851,Random Forest,Undersampling,0.9043126684636119,0.8794233289646134,0.8106517335875134,0.4905841814247936,1342.0,142.0,243.0,184.0
zookeeper,15,78.75486381322958,Random Forest,Undersampling,0.9043250327653998,0.9299191374663073,0.8729421400481009,0.6093436974116515,1380.0,146.0,281.0,104.0
zookeeper,16,80.53977272727273,Random Forest,Undersampling,0.9116865869853917,0.9340136054421768,0.8830471027696793,0.6554476665354504,1373.0,133.0,315.0,97.0
zookeeper,17,83.90957446808511,Random Forest,Undersampling,0.8956649522409993,0.9213907785336357,0.8378603313143167,0.5592507588657732,1219.0,142.0,229.0,104.0
zookeeper,18,84.96894409937889,Random Forest,Undersampling,0.9287305122494433,0.9455782312925171,0.8937510314098686,0.7031845459722283,1251.0,96.0,275.0,72.0
zookeeper,19,84.1324200913242,Random Forest,Undersampling,0.9001358695652174,0.9013605442176871,0.8483614874521237,0.5933799515117514,1325.0,147.0,329.0,145.0
zookeeper,20,85.27542372881356,Random Forest,Undersampling,0.8691840863115307,0.9207142857142857,0.8421317373103088,0.5928920556574512,1289.0,194.0,352.0,111.0
zookeeper,21,86.3147605083089,Random Forest,Undersampling,0.8787248787248787,0.9102656137832017,0.8667436451595342,0.617775270059973,1268.0,175.0,392.0,125.0
zookeeper,22,85.49889135254989,Random Forest,Undersampling,0.9987515605493134,0.7011393514461,0.8225554025291099,0.008405596637761243,1600.0,2.0,5.0,682.0
zookeeper,23,84.61201227531784,Random Forest,Undersampling,1.0,0.8367928367928368,0.8767436451595123,0.0,2056.0,0.0,0.0,401.0
zookeeper,1,7.142857142857143,Naive Bayes,Undersampling,0.9673507462686567,0.8641666666666666,0.6220920138888889,0.05921052631578937,1037.0,35.0,13.0,163.0
zookeeper,2,12.435233160621761,Naive Bayes,Undersampling,0.9771241830065359,0.9115853658536586,0.7657298018292683,0.10239008557096473,1196.0,28.0,12.0,116.0
zookeeper,3,16.748768472906406,Naive Bayes,Undersampling,0.8752941176470588,0.9620689655172414,0.6060457076149425,0.17857057344666602,1116.0,159.0,33.0,44.0
zookeeper,4,29.927007299270073,Naive Bayes,Undersampling,0.9535269709543569,0.8399122807017544,0.7639693852687274,0.3553585817888799,1149.0,56.0,112.0,219.0
zookeeper,5,39.24050632911393,Naive Bayes,Undersampling,0.8553779069767442,0.9553571428571429,0.7490641554169515,0.3660565723793675,1177.0,199.0,105.0,55.0
zookeeper,6,51.02040816326531,Naive Bayes,Undersampling,0.9213583556747096,0.8423202614379085,0.8476608324953914,0.49785000279220404,1031.0,88.0,224.0,193.0
zookeeper,7,62.1923937360179,Naive Bayes,Undersampling,0.8898225957049486,0.9163461538461538,0.828921659270217,0.5575294703636061,953.0,118.0,194.0,87.0
zookeeper,8,59.73154362416108,Naive Bayes,Undersampling,0.9606126914660832,0.7692757009345794,0.8080391242810927,0.29629339393464443,1317.0,54.0,154.0,395.0
zookeeper,9,62.96296296296296,Naive Bayes,Undersampling,0.8998133167392657,0.8992537313432836,0.7220886752136753,0.382733744207157,1446.0,161.0,151.0,162.0
zookeeper,10,66.94214876033058,Naive Bayes,Undersampling,0.8786089238845144,0.8855820105820106,0.7814566798941799,0.43684127733207495,1339.0,185.0,223.0,173.0
zookeeper,11,70.92882991556091,Naive Bayes,Undersampling,0.8628257887517147,0.8884180790960452,0.8102310094456214,0.5111783435881747,1258.0,200.0,312.0,158.0
zookeeper,12,72.39635995955511,Naive Bayes,Undersampling,0.8912404467960023,0.8536036036036037,0.7220842165695107,0.3737144094402944,1516.0,185.0,223.0,260.0
zookeeper,13,77.24268177525968,Naive Bayes,Undersampling,0.9069620253164556,0.9001256281407035,0.8029816119286911,0.4561985664985399,1433.0,147.0,189.0,159.0
zookeeper,14,76.76595744680851,Naive Bayes,Undersampling,0.9019264448336253,0.885894495412844,0.8113857902418682,0.4911398576892018,1545.0,168.0,272.0,199.0
zookeeper,15,78.75486381322958,Naive Bayes,Undersampling,0.8992601024473534,0.9316037735849056,0.867211060740798,0.5954041709450131,1580.0,177.0,311.0,116.0
zookeeper,16,80.53977272727273,Naive Bayes,Undersampling,0.9069901790872328,0.9345238095238095,0.8779250372023809,0.6423114348198886,1570.0,161.0,351.0,110.0
zookeeper,17,83.90957446808511,Naive Bayes,Undersampling,0.898250162022035,0.9166666666666666,0.8408596011779974,0.561144717280976,1386.0,157.0,267.0,126.0
zookeeper,18,84.96894409937889,Naive Bayes,Undersampling,0.9214929214929215,0.9470899470899471,0.8901874625636418,0.6837215320910974,1432.0,122.0,302.0,80.0
zookeeper,19,84.1324200913242,Naive Bayes,Undersampling,0.8991044776119403,0.8964285714285715,0.8455171130952381,0.5839521794144596,1506.0,169.0,375.0,174.0
zookeeper,20,85.27542372881356,Naive Bayes,Undersampling,0.8669426374926079,0.91625,0.8367643229166667,0.5815394678362081,1466.0,225.0,399.0,134.0
zookeeper,21,86.3147605083089,Naive Bayes,Undersampling,0.8691255205234979,0.917713567839196,0.8596914937341026,0.602751796671005,1461.0,220.0,428.0,131.0
zookeeper,22,85.49889135254989,Naive Bayes,Undersampling,0.9989094874591058,0.7024539877300614,0.8067245015337423,0.009191248062438075,1832.0,2.0,6.0,776.0
zookeeper,23,84.61201227531784,Naive Bayes,Undersampling,1.0,0.8315527065527065,0.8696914937341024,0.0,2335.0,0.0,0.0,473.0
zookeeper,1,7.142857142857143,IBk,Undersampling,0.9675925925925926,0.774074074074074,0.6095541838134431,0.03703703703703689,1045.0,35.0,19.0,305.0
zookeeper,2,12.435233160621761,IBk,Undersampling,0.9775112443778111,0.8834688346883469,0.7498494429388738,0.08570357276768913,1304.0,30.0,15.0,172.0
zookeeper,3,16.748768472906406,IBk,Undersampling,0.8812720848056537,0.9555555555555556,0.6118880374627501,0.22574498276910573,1247.0,168.0,48.0,58.0
zookeeper,4,29.927007299270073,IBk,Undersampling,0.9552012148823082,0.8174139051332033,0.7599846667423016,0.3334558598296881,1258.0,59.0,130.0,281.0
zookeeper,5,39.24050632911393,IBk,Undersampling,0.8596721311475409,0.9458874458874459,0.7461530509776124,0.37802089405012795,1311.0,214.0,128.0,75.0
zookeeper,6,51.02040816326531,IBk,Undersampling,0.923265306122449,0.8213507625272332,0.8376999422751057,0.4766463033334936,1131.0,94.0,257.0,246.0
zookeeper,7,62.1923937360179,IBk,Undersampling,0.8916595012897678,0.8863247863247863,0.8140660384250128,0.5236950063658224,1037.0,126.0,225.0,133.0
zookeeper,8,59.73154362416108,IBk,Undersampling,0.9609530112508272,0.7538940809968847,0.799368293527172,0.282042071705992,1452.0,59.0,175.0,474.0
zookeeper,9,62.96296296296296,IBk,Undersampling,0.9005059021922428,0.8855721393034826,0.7161336401247954,0.36860278702676036,1602.0,177.0,174.0,207.0
zookeeper,10,66.94214876033058,IBk,Undersampling,0.8805522208883554,0.8624338624338624,0.7723100214022509,0.41726667115268157,1467.0,199.0,260.0,234.0
zookeeper,11,70.92882991556091,IBk,Undersampling,0.8659987476518473,0.8681732580037664,0.8026031858129316,0.4977488547667264,1383.0,214.0,362.0,210.0
zookeeper,12,72.39635995955511,IBk,Undersampling,0.8936055883933369,0.8323323323323323,0.7187345297367084,0.35962028491833997,1663.0,198.0,261.0,335.0
zookeeper,13,77.24268177525968,IBk,Undersampling,0.9062140391254315,0.8793969849246231,0.7815318509065019,0.4246905804175982,1575.0,163.0,215.0,216.0
zookeeper,14,76.76595744680851,IBk,Undersampling,0.9048884165781084,0.8679918450560652,0.8045125052770312,0.4775233767368695,1703.0,179.0,316.0,259.0
zookeeper,15,78.75486381322958,IBk,Undersampling,0.9019200830306175,0.910901467505241,0.8584342410252298,0.5737102393576534,1738.0,189.0,360.0,170.0
zookeeper,16,80.53977272727273,IBk,Undersampling,0.909957627118644,0.908994708994709,0.8663704254850089,0.6131157828679007,1718.0,170.0,406.0,172.0
zookeeper,17,83.90957446808511,IBk,Undersampling,0.8995271867612293,0.8947677836566725,0.8247251277766069,0.5347435685561616,1522.0,170.0,307.0,179.0
zookeeper,18,84.96894409937889,IBk,Undersampling,0.9243498817966903,0.9194591416813639,0.8802739047323254,0.6467250592188618,1564.0,128.0,349.0,137.0
zookeeper,19,84.1324200913242,IBk,Undersampling,0.9000543183052688,0.8767195767195767,0.8323161980841719,0.5608830369927046,1657.0,184.0,428.0,233.0
zookeeper,20,85.27542372881356,IBk,Undersampling,0.8675282714054927,0.895,0.8270813548591326,0.5584014373041782,1611.0,246.0,456.0,189.0
zookeeper,21,86.3147605083089,IBk,Undersampling,0.8727569331158238,0.8961474036850922,0.8503058655570185,0.5866112669521018,1605.0,234.0,495.0,186.0
zookeeper,22,85.49889135254989,IBk,Undersampling,0.99899849774662,0.679959100204499,0.7984548966144058,0.008653545666300635,1995.0,2.0,7.0,939.0
zookeeper,23,84.61201227531784,IBk,Undersampling,1.0,0.8148148148148148,0.8470813548591367,0.0,2574.0,0.0,0.0,585.0
zookeeper,1,65.78947368421052,Random Forest,Oversampling,0.9659090909090909,0.9916666666666667,0.6381597222222222,0.1715686274509817,595.0,21.0,3.0,5.0
zookeeper,2,78.02340702210664,Random Forest,Oversampling,0.9730538922155688,0.9908536585365854,0.810251524390244,0.1281169389509893,650.0,18.0,2.0,6.0
zookeeper,3,84.5943482224248,Random Forest,Oversampling,0.8616071428571429,0.9982758620689656,0.6107399425287356,0.04919798898731124,579.0,93.0,3.0,1.0
zookeeper,4,86.38297872340425,Random Forest,Oversampling,0.9504643962848297,0.8976608187134503,0.7746623503202451,0.4311606831648659,614.0,32.0,52.0,70.0
zookeeper,5,89.04109589041096,Random Forest,Oversampling,0.8381344307270233,0.9918831168831169,0.8172045881749829,0.2993948024207904,611.0,118.0,34.0,5.0
zookeeper,6,90.67961165048544,Random Forest,Oversampling,0.9139280125195618,0.954248366013072,0.9005729428523546,0.6431546419454522,584.0,55.0,101.0,28.0
zookeeper,7,92.78702518139139,Random Forest,Oversampling,0.8902654867256637,0.9673076923076923,0.8647189349112426,0.6338680926916221,503.0,62.0,94.0,17.0
zookeeper,8,91.02468212415856,Random Forest,Oversampling,0.9601029601029601,0.8714953271028038,0.8173919392523364,0.42995755003032154,746.0,31.0,73.0,110.0
zookeeper,9,92.25806451612904,Random Forest,Oversampling,0.8946107784431138,0.9291044776119403,0.7368246906493175,0.39677587103484147,747.0,88.0,68.0,57.0
zookeeper,10,93.15068493150685,Random Forest,Oversampling,0.8680387409200968,0.9484126984126984,0.8134564010789501,0.4734033090197473,717.0,109.0,95.0,39.0
zookeeper,11,93.79345866597991,Random Forest,Oversampling,0.842170160295931,0.9646892655367232,0.849413510769774,0.533164524909793,683.0,128.0,128.0,25.0
zookeeper,12,93.60505973295854,Random Forest,Oversampling,0.8852097130242825,0.9031531531531531,0.7628096846846847,0.4071864499759993,802.0,104.0,100.0,86.0
zookeeper,13,94.85152745139928,Random Forest,Oversampling,0.9104477611940298,0.9195979899497487,0.829366325675999,0.5004267772222899,732.0,72.0,96.0,64.0
zookeeper,14,94.6585795343377,Random Forest,Oversampling,0.9016018306636155,0.9036697247706422,0.8303325688073394,0.514509278825031,788.0,86.0,134.0,84.0
zookeeper,15,95.07842076798269,Random Forest,Oversampling,0.9031903190319032,0.9681603773584906,0.8925122757500773,0.6668788795161549,821.0,88.0,156.0,27.0
zookeeper,16,95.41192230408573,Random Forest,Oversampling,0.9081746920492721,0.9654761904761905,0.9035063244047619,0.6951955262472191,811.0,82.0,174.0,29.0
zookeeper,17,96.19496855345912,Random Forest,Oversampling,0.8928571428571429,0.958994708994709,0.8693471099131477,0.6062327633756206,725.0,87.0,125.0,31.0
zookeeper,18,96.40842980112794,Random Forest,Oversampling,0.9316455696202531,0.9735449735449735,0.9116377158829989,0.7628456404280114,736.0,54.0,158.0,20.0
zookeeper,19,96.11297539149888,Random Forest,Oversampling,0.8953356086461889,0.9369047619047619,0.8710871848739495,0.6291696564920609,787.0,92.0,180.0,53.0
zookeeper,20,96.32857897517168,Random Forest,Oversampling,0.8624161073825504,0.96375,0.8574559294871795,0.6271485546888785,771.0,123.0,189.0,29.0
zookeeper,21,96.48770697441044,Random Forest,Oversampling,0.8786464410735122,0.9459798994974874,0.8910272814690737,0.6619412914565436,753.0,104.0,220.0,43.0
zookeeper,22,96.11592825751276,Random Forest,Oversampling,0.9989539748953975,0.7323619631901841,0.8572661042944786,0.010872195526670526,955.0,1.0,3.0,349.0
zookeeper,23,96.14073666849917,Random Forest,Oversampling,1.0,0.8660968660968661,0.8472661042947533,0.0,1216.0,0.0,0.0,188.0
zookeeper,1,65.78947368421052,Naive Bayes,Oversampling,0.9673629242819843,0.988,0.6550222222222222,0.2078853046594989,741.0,25.0,5.0,9.0
zookeeper,2,78.02340702210664,Naive Bayes,Oversampling,0.9757869249394673,0.9829268292682927,0.823,0.20701076455975684,806.0,20.0,5.0,14.0
zookeeper,3,84.5943482224248,Naive Bayes,Oversampling,0.8637992831541219,0.9972413793103448,0.6309540229885058,0.0773719879518076,723.0,114.0,6.0,2.0
zookeeper,4,86.38297872340425,Naive Bayes,Oversampling,0.9509433962264151,0.8842105263157894,0.7698913951545531,0.41002004008016013,756.0,39.0,66.0,99.0
zookeeper,5,89.04109589041096,Naive Bayes,Oversampling,0.8444444444444444,0.987012987012987,0.8089986329460014,0.33701657458563544,760.0,140.0,50.0,10.0
zookeeper,6,90.67961165048544,Naive Bayes,Oversampling,0.9125475285171103,0.9411764705882353,0.8835461706049942,0.6155548529876698,720.0,69.0,126.0,45.0
zookeeper,7,92.78702518139139,Naive Bayes,Oversampling,0.8906474820143885,0.9523076923076923,0.8502840236686391,0.6119944211994421,619.0,76.0,119.0,31.0
zookeeper,8,91.02468212415856,Naive Bayes,Oversampling,0.9594298245614035,0.8177570093457944,0.8147915168943206,0.34758155230596166,875.0,37.0,93.0,195.0
zookeeper,9,92.25806451612904,Naive Bayes,Oversampling,0.8966507177033493,0.9323383084577115,0.7341523153463452,0.412599082186066,937.0,108.0,87.0,68.0
zookeeper,10,93.15068493150685,Naive Bayes,Oversampling,0.8675889328063241,0.9291005291005291,0.7999771760556075,0.4464334893968604,878.0,134.0,121.0,67.0
zookeeper,11,93.79345866597991,Naive Bayes,Oversampling,0.8503118503118503,0.9242937853107345,0.8238312146892656,0.5137551516078753,818.0,144.0,176.0,67.0
zookeeper,12,93.60505973295854,Naive Bayes,Oversampling,0.8835555555555555,0.8954954954954955,0.7352093269740329,0.39061949301884225,994.0,131.0,124.0,116.0
zookeeper,13,94.85152745139928,Naive Bayes,Oversampling,0.906679764243615,0.9276381909547738,0.8337927733907633,0.496717478022734,923.0,95.0,115.0,72.0
zookeeper,14,94.6585795343377,Naive Bayes,Oversampling,0.898458748866727,0.9091743119266055,0.8278215179316096,0.5109313047095881,991.0,112.0,163.0,99.0
zookeeper,15,95.07842076798269,Naive Bayes,Oversampling,0.8962181178540017,0.9613207547169811,0.881232601299103,0.6311845224439855,1019.0,118.0,187.0,41.0
zookeeper,16,95.41192230408573,Naive Bayes,Oversampling,0.9029649595687331,0.9571428571428572,0.8906547619047619,0.6651650932093737,1005.0,108.0,212.0,45.0
zookeeper,17,96.19496855345912,Naive Bayes,Oversampling,0.8892156862745098,0.9597883597883597,0.8685195168214036,0.5938423919084138,907.0,113.0,152.0,38.0
zookeeper,18,96.40842980112794,Naive Bayes,Oversampling,0.918,0.9714285714285714,0.9029350104821803,0.7154169813356347,918.0,82.0,183.0,27.0
zookeeper,19,96.11297539149888,Naive Bayes,Oversampling,0.8940092165898618,0.9238095238095239,0.8616050420168068,0.6066893999854893,970.0,115.0,225.0,80.0
zookeeper,20,96.32857897517168,Naive Bayes,Oversampling,0.8602540834845736,0.948,0.8454923076923077,0.6010755384658251,948.0,154.0,236.0,52.0
zookeeper,21,96.48770697441044,Naive Bayes,Oversampling,0.8678373382624769,0.9437185929648241,0.8783820336249147,0.6308075587713021,939.0,143.0,262.0,56.0
zookeeper,22,96.11592825751276,Naive Bayes,Oversampling,0.9983179142136249,0.7282208588957055,0.8241717791411043,0.007299519050380164,1187.0,2.0,3.0,443.0
zookeeper,23,96.14073666849917,Naive Bayes,Oversampling,1.0,0.8467236467236468,0.8483820336249245,0.0,1486.0,0.0,0.0,269.0
zookeeper,1,65.78947368421052,IBk,Oversampling,0.9684095860566448,0.9877777777777778,0.6598765432098765,0.23976608187134513,889.0,29.0,7.0,11.0
zookeeper,2,78.02340702210664,IBk,Oversampling,0.9747983870967742,0.9827235772357723,0.775829945799458,0.17156862745098145,967.0,25.0,5.0,17.0
zookeeper,3,84.5943482224248,IBk,Oversampling,0.8628230616302187,0.9977011494252873,0.6152139208173691,0.0649699652228896,868.0,138.0,6.0,2.0
zookeeper,4,86.38297872340425,IBk,Oversampling,0.9500531349628055,0.8713450292397661,0.7584006312076488,0.3845492639948428,894.0,47.0,79.0,132.0
zookeeper,5,89.04109589041096,IBk,Oversampling,0.8413284132841329,0.987012987012987,0.7683009607351713,0.31619696500464556,912.0,172.0,56.0,12.0
zookeeper,6,90.67961165048544,IBk,Oversampling,0.9165775401069519,0.9335511982570807,0.8778513304657095,0.6169149944018604,857.0,78.0,156.0,61.0
zookeeper,7,92.78702518139139,IBk,Oversampling,0.8904933814681107,0.9487179487179487,0.8369849879465264,0.6060606060606061,740.0,91.0,143.0,40.0
zookeeper,8,91.02468212415856,IBk,Oversampling,0.9596700274977086,0.8154205607476636,0.8093997124370956,0.34557310872181046,1047.0,44.0,112.0,237.0
zookeeper,9,92.25806451612904,IBk,Oversampling,0.8931419457735247,0.9286898839137645,0.7128903204773852,0.3881240439438185,1120.0,134.0,100.0,86.0
zookeeper,10,93.15068493150685,IBk,Oversampling,0.8706176961602671,0.9197530864197531,0.7904116379061913,0.44737728855442005,1043.0,155.0,151.0,91.0
zookeeper,11,93.79345866597991,IBk,Oversampling,0.8518197573656846,0.9256120527306968,0.8143305182831136,0.5200732834156443,983.0,171.0,213.0,79.0
zookeeper,12,93.60505973295854,IBk,Oversampling,0.8873668188736682,0.8753753753753754,0.7320580384305875,0.38303752644988553,1166.0,148.0,158.0,166.0
zookeeper,13,94.85152745139928,IBk,Oversampling,0.9043693322341303,0.9187604690117253,0.8008012948339581,0.4724959666231644,1097.0,116.0,136.0,97.0
zookeeper,14,94.6585795343377,IBk,Oversampling,0.8996937212863706,0.8983180428134556,0.8140105180242795,0.5002149702508911,1175.0,131.0,199.0,133.0
zookeeper,15,95.07842076798269,IBk,Oversampling,0.9010416666666666,0.9520440251572327,0.8779899989689659,0.6330034924330616,1211.0,133.0,233.0,61.0
zookeeper,16,95.41192230408573,IBk,Oversampling,0.9072243346007605,0.9468253968253968,0.8844101355820105,0.6620815660685155,1193.0,122.0,262.0,67.0
zookeeper,17,96.19496855345912,IBk,Oversampling,0.8869492934330839,0.9409171075837742,0.8356030858651404,0.5567045659628226,1067.0,136.0,182.0,67.0
zookeeper,18,96.40842980112794,IBk,Oversampling,0.9223628691983122,0.9638447971781305,0.8980372256053598,0.7158420736659957,1093.0,92.0,226.0,41.0
zookeeper,19,96.11297539149888,IBk,Oversampling,0.8927738927738927,0.9119047619047619,0.8439095082477436,0.5867984671036139,1149.0,138.0,270.0,111.0
zookeeper,20,96.32857897517168,IBk,Oversampling,0.8638102524866106,0.9408333333333333,0.8387348646723647,0.6025059432889646,1129.0,178.0,290.0,71.0
zookeeper,21,96.48770697441044,IBk,Oversampling,0.8710443037974683,0.9221105527638191,0.8629205699278284,0.6128920763846885,1101.0,163.0,323.0,93.0
zookeeper,22,96.11592825751276,IBk,Oversampling,0.9985704074338814,0.7142126789366053,0.8207651670074982,0.008056797720304742,1397.0,2.0,4.0,559.0
zookeeper,23,96.14073666849917,IBk,Oversampling,1.0,0.8395061728395061,0.8307651670074934,0.0,1768.0,0.0,0.0,338.0
zookeeper,1,65.78947368421052,Random Forest,SMOTE,0.9668284789644013,0.7966666666666666,0.6153944444444445,0.0364181662382176,1195.0,41.0,19.0,305.0
zookeeper,2,78.02340702210664,Random Forest,SMOTE,0.9776876267748479,0.8817073170731707,0.7447012195121951,0.08657348984499631,1446.0,33.0,17.0,194.0
zookeeper,3,84.5943482224248,Random Forest,SMOTE,0.8787878787878788,0.96,0.6053132183908047,0.2085940134117558,1392.0,192.0,48.0,58.0
zookeeper,4,86.37331440738112,Random Forest,SMOTE,0.957679180887372,0.8204678362573099,0.7684697855750487,0.34744404531638595,1403.0,62.0,148.0,307.0
zookeeper,5,89.03483723586523,Random Forest,SMOTE,0.8586510263929619,0.9506493506493506,0.7660782638414217,0.3783043922369763,1464.0,241.0,139.0,76.0
zookeeper,6,90.67508499271491,Random Forest,SMOTE,0.9234657039711192,0.8359477124183007,0.8452044578515167,0.4955177743431221,1279.0,106.0,284.0,251.0
zookeeper,7,92.78702518139139,Random Forest,SMOTE,0.8933231005372217,0.8953846153846153,0.8221360946745562,0.5404293611003983,1164.0,139.0,251.0,136.0
zookeeper,8,91.02468212415856,Random Forest,SMOTE,0.9613130128956624,0.7663551401869159,0.8018035585909418,0.2956987017296444,1640.0,66.0,194.0,500.0
zookeeper,9,92.26056110931957,Random Forest,SMOTE,0.9003522898842476,0.890049751243781,0.72314389590509,0.37348136518261016,1789.0,198.0,192.0,221.0
zookeeper,10,93.15068493150685,Random Forest,SMOTE,0.8804057661505605,0.8724867724867725,0.7826148978109763,0.428061867716245,1649.0,224.0,286.0,241.0
zookeeper,11,93.79345866597991,Random Forest,SMOTE,0.8653311074012242,0.8785310734463276,0.8117633298022598,0.5072368450487452,1555.0,242.0,398.0,215.0
zookeeper,12,93.60356138706655,Random Forest,SMOTE,0.8941570881226054,0.840990990990991,0.7308417240770182,0.3707050262637944,1867.0,221.0,289.0,353.0
zookeeper,13,94.85042735042735,Random Forest,SMOTE,0.9101765316718587,0.8809045226130653,0.7938250777698014,0.4424066633560564,1753.0,173.0,247.0,237.0
zookeeper,14,94.65753424657534,Random Forest,SMOTE,0.9061457837065269,0.8724770642201835,0.8121484570475396,0.487456670474263,1902.0,197.0,353.0,278.0
zookeeper,15,95.07842076798269,Random Forest,SMOTE,0.9042305904230591,0.9174528301886793,0.8664181874420044,0.5904338889348282,1945.0,206.0,404.0,175.0
zookeeper,16,95.41192230408573,Random Forest,SMOTE,0.912672045562411,0.9157142857142857,0.8760234375,0.630611924803382,1923.0,184.0,456.0,177.0
zookeeper,17,96.1943701839912,Random Forest,SMOTE,0.9007957559681697,0.8984126984126984,0.8383213536987122,0.5437369415978508,1698.0,187.0,343.0,192.0
zookeeper,18,96.40842980112794,Random Forest,SMOTE,0.9288369622942113,0.9253968253968254,0.8878346810422282,0.6693857679391133,1749.0,134.0,396.0,141.0
zookeeper,19,96.1124318277164,Random Forest,SMOTE,0.9035087719298246,0.8828571428571429,0.8449702380952381,0.5778890347997372,1854.0,198.0,482.0,246.0
zookeeper,20,96.32857897517168,Random Forest,SMOTE,0.8704238921001927,0.9035,0.8356298076923077,0.5757379561850902,1807.0,269.0,511.0,193.0
zookeeper,21,96.48858791070981,Random Forest,SMOTE,0.8754863813229572,0.9045226130653267,0.8610856752900304,0.6030413996541553,1800.0,256.0,554.0,190.0
zookeeper,22,96.11546685673557,Random Forest,SMOTE,0.9991051454138703,0.6849693251533743,0.8073006134969325,0.0093097204434041,2233.0,2.0,8.0,1027.0
zookeeper,23,96.14073666849917,Random Forest,SMOTE,1.0,0.8242165242165242,0.8610856752900365,0.0,2893.0,0.0,0.0,617.0
zookeeper,1,65.78947368421052,Naive Bayes,SMOTE,0.9675792507204611,0.813939393939394,0.6248209366391184,0.04547350855235706,1343.0,45.0,21.0,307.0
zookeeper,2,78.02340702210664,Naive Bayes,SMOTE,0.9780487804878049,0.8891352549889135,0.7432070147147752,0.09592891467948138,1604.0,36.0,19.0,200.0
zookeeper,3,84.5943482224248,Naive Bayes,SMOTE,0.8780767029192902,0.961755485893417,0.6119134131281466,0.20392655755742015,1534.0,213.0,51.0,61.0
zookeeper,4,86.37331440738112,Naive Bayes,SMOTE,0.9582013932868905,0.8043593833067517,0.7668816209486066,0.3296326688227061,1513.0,66.0,165.0,368.0
zookeeper,5,89.03483723586523,Naive Bayes,SMOTE,0.8637101135749053,0.9427390791027155,0.7623169023234269,0.39503809902134246,1597.0,252.0,166.0,97.0
zookeeper,6,90.67508499271491,Naive Bayes,SMOTE,0.9245156980627922,0.8223410576351753,0.8403242627841558,0.48121040412387356,1384.0,113.0,316.0,299.0
zookeeper,7,92.78702518139139,Naive Bayes,SMOTE,0.8933823529411765,0.8496503496503497,0.814262311115458,0.48401323042998895,1215.0,145.0,284.0,215.0
zookeeper,8,91.02468212415856,Naive Bayes,SMOTE,0.9609246009906439,0.7417162276975361,0.802605741751876,0.270428538170878,1746.0,71.0,215.0,608.0
zookeeper,9,92.26056110931957,Naive Bayes,SMOTE,0.9022801302931596,0.8769787426503844,0.7220619724011854,0.366143932669231,1939.0,210.0,219.0,272.0
zookeeper,10,93.15068493150685,Naive Bayes,SMOTE,0.8802336903602727,0.8696488696488697,0.7806822147285606,0.4242441115875049,1808.0,246.0,315.0,271.0
zookeeper,11,93.79345866597991,Naive Bayes,SMOTE,0.8664961636828644,0.8700564971751412,0.8093497572022226,0.5011356680305421,1694.0,261.0,443.0,253.0
zookeeper,12,93.60356138706655,Naive Bayes,SMOTE,0.8923143725575337,0.8415233415233415,0.716580459895968,0.36465789271146026,2055.0,248.0,313.0,387.0
zookeeper,13,94.85042735042735,Naive Bayes,SMOTE,0.909985935302391,0.8867062585655551,0.7991912533940857,0.4496231859987128,1941.0,192.0,270.0,248.0
zookeeper,14,94.65753424657534,Naive Bayes,SMOTE,0.9049462365591397,0.8773978315262719,0.8129474286423259,0.4900046793553373,2104.0,221.0,384.0,294.0
zookeeper,15,95.07842076798269,Naive Bayes,SMOTE,0.9022746419545071,0.91852487135506,0.8636200673324932,0.5858312781760269,2142.0,232.0,439.0,190.0
zookeeper,16,95.41192230408573,Naive Bayes,SMOTE,0.9093642611683849,0.9164502164502164,0.8730190500787092,0.6222649905136288,2117.0,211.0,493.0,193.0
zookeeper,17,96.1943701839912,Naive Bayes,SMOTE,0.9014968614196041,0.8980278980278981,0.8408461813264557,0.5454208848470619,1867.0,204.0,379.0,212.0
zookeeper,18,96.40842980112794,Naive Bayes,SMOTE,0.9261226460647031,0.9225589225589226,0.8854682576809506,0.6568801871201381,1918.0,153.0,430.0,161.0
zookeeper,19,96.1124318277164,Naive Bayes,SMOTE,0.9022556390977443,0.8831168831168831,0.8438606847697757,0.5749288423570151,2040.0,221.0,527.0,270.0
zookeeper,20,96.32857897517168,Naive Bayes,SMOTE,0.8687089715536105,0.9022727272727272,0.8328244861199406,0.5698404590932309,1985.0,300.0,558.0,215.0
zookeeper,21,96.48858791070981,Naive Bayes,SMOTE,0.8728476821192053,0.9031521242576519,0.8576824536928085,0.5949660060755099,1977.0,288.0,603.0,212.0
zookeeper,22,96.11546685673557,Naive Bayes,SMOTE,0.999189298743413,0.6873954266592304,0.7999163413273843,0.009777617184445421,2465.0,2.0,9.0,1121.0
zookeeper,23,96.14073666849917,Naive Bayes,SMOTE,1.0,0.818958818958819,0.8999163413238423,0.0,3162.0,0.0,0.0,699.0
zookeeper,1,65.78947368421052,IBk,SMOTE,0.967699406723797,0.8155555555555556,0.6217322530864198,0.04676674364896064,1468.0,49.0,23.0,332.0
zookeeper,2,78.02340702210664,IBk,SMOTE,0.9787114845938375,0.8877032520325203,0.7475863821138211,0.10263033806917171,1747.0,38.0,22.0,221.0
zookeeper,3,84.5943482224248,IBk,SMOTE,0.8764397905759163,0.9620689655172414,0.6014627234993615,0.18922954725972985,1674.0,236.0,52.0,66.0
zookeeper,4,86.37331440738112,IBk,SMOTE,0.9588477366255144,0.7948343079922028,0.7659832451499118,0.32097324862785787,1631.0,70.0,182.0,421.0
zookeeper,5,89.03483723586523,IBk,SMOTE,0.8635014836795252,0.9448051948051948,0.7543924916457811,0.39652763919377376,1746.0,276.0,180.0,102.0
zookeeper,6,90.67508499271491,IBk,SMOTE,0.9245624622812312,0.8344226579520697,0.8441608243487329,0.49657119806373545,1532.0,125.0,343.0,304.0
zookeeper,7,92.78702518139139,IBk,SMOTE,0.893574297188755,0.8557692307692307,0.8121568869165023,0.49175320708613324,1335.0,159.0,309.0,225.0
zookeeper,8,91.02468212415856,IBk,SMOTE,0.9613841524573721,0.7464953271028038,0.8029201863167985,0.2763659255823199,1917.0,77.0,235.0,651.0
zookeeper,9,92.26056110931957,IBk,SMOTE,0.9005080440304827,0.8818407960199005,0.7149925231392893,0.3640310646364581,2127.0,235.0,233.0,285.0
zookeeper,10,93.15068493150685,IBk,SMOTE,0.880709534368071,0.8756613756613757,0.779372139802423,0.4327628361858189,1986.0,269.0,343.0,282.0
zookeeper,11,93.79345866597991,IBk,SMOTE,0.8650904033379694,0.8785310734463276,0.8068285197936284,0.5065729853100771,1866.0,291.0,477.0,258.0
zookeeper,12,93.60356138706655,IBk,SMOTE,0.8939575830332133,0.8385885885885885,0.7180243969459655,0.36742981166421623,2234.0,265.0,347.0,430.0
zookeeper,13,94.85042735042735,IBk,SMOTE,0.9087012430347192,0.8877721943048577,0.787491109648773,0.4459558278807229,2120.0,213.0,291.0,268.0
zookeeper,14,94.65753424657534,IBk,SMOTE,0.904498816101026,0.8761467889908257,0.8067979102956168,0.48686596308522,2292.0,242.0,418.0,324.0
zookeeper,15,95.07842076798269,IBk,SMOTE,0.9033500192529842,0.9221698113207547,0.8628743405677561,0.5946058571593935,2346.0,251.0,481.0,198.0
zookeeper,16,95.41192230408573,IBk,SMOTE,0.9104477611940298,0.9198412698412698,0.8734597180886243,0.6303848615276504,2318.0,228.0,540.0,202.0
zookeeper,17,96.1943701839912,IBk,SMOTE,0.8995152049360952,0.8999118165784833,0.829194189322596,0.5417277085969233,2041.0,228.0,408.0,227.0
zookeeper,18,96.40842980112794,IBk,SMOTE,0.9274977895667551,0.9250440917107584,0.8852502828524841,0.6649255463801281,2098.0,164.0,472.0,170.0
zookeeper,19,96.1124318277164,IBk,SMOTE,0.902676399026764,0.8833333333333333,0.8405026941332089,0.5763211068872222,2226.0,240.0,576.0,294.0
zookeeper,20,96.32857897517168,IBk,SMOTE,0.8693045563549161,0.90625,0.8332986111111111,0.5760368663594471,2175.0,327.0,609.0,225.0
zookeeper,21,96.48858791070981,IBk,SMOTE,0.8739903069466882,0.9061976549413735,0.8574230463014662,0.601351494931894,2164.0,312.0,660.0,224.0
zookeeper,22,96.11546685673557,IBk,SMOTE,0.9992500937382827,0.681237218813906,0.7988773858214042,0.009761206840118516,2665.0,2.0,10.0,1247.0
zookeeper,23,96.14073666849917,IBk,SMOTE,1.0,0.8155270655270656,0.8774230463014665,0.0,3435.0,0.0,0.0,777.0
